id,nombre,apellido,documento,email,telefono
1,Juan,Perez,12345678,juan.perez@example.com,+51987654321
2,Maria,Gonzalez,87654321,maria.g@example.com,+51981234567
3,Luis,Lopez,11223344,luis.l@example.com,+51980000000
4,Ana,Martinez,20123456,ana.martinez@example.com,+51960000004 
5,Carlos,Ruiz,20234567,carlos.ruiz@example.com,+51960000005 
6,Sofía,Valdez,20345678,sofia.valdez@example.com,+51960000006 
7,Diego,Flores,20456789,diego.flores@example.com,+51960000007 
8,Elena,Castro,20567890,elena.castro@example.com,+51960000008 
9,Pedro,Salazar,20678901,pedro.salazar@example.com,+51960000009 
10,Rosa,Hernandez,20789012,rosa.hernandez@example.com,+51960000010
11,Miguel,Ortiz,20890123,miguel.ortiz@example.com,+51960000011
12,Carla,Suarez,20901234,carla.suarez@example.com,+51960000012 
13,Javier,Alvarez,21012345,javier.alvarez@example.com,+51960000013 
14,Andrea,Lozano,21123456,andrea.lozano@example.com,+51960000014 
15,Fernando,Quiroz,21234567,fernando.quiroz@example.com,+51960000015
16,Paula,Diaz,21345678,paula.diaz@example.com,+51960000016 
17,Ricardo,Mendoza,21456789,ricardo.mendoza@example.com,+
18,Isabel,Navarro,21567890,isabel.navarro@example.com,+51960000018 
19,Jorge,Salas,21678901,jorge.salas@example.com,+51960000019 
20,Natalia,Reyes,21789012,natalia.reyes@example.com,+51960000020 
21,Óscar,Lopez,21890123,oscar.lopez@example.com,+51960000021
22,Verónica,Guzman,21901234,veronica.guzman@example.com,+51960000022 
23,Raúl,Pizarro,22012345,raul.pizarro@example.com,+51960000023 
24,Olivia,Rios,22123456,olivia.rios@example.com,+51960000024 
25,Marco,Santana,22234567,marco.santana@example.com,+51960000025 
26,Lucía,Bravo,22345678,lucia.bravo@example.com,+51960000026 
27,Andrés,Peralta,22456789,andres.peralta@example.com,+51960000027
28,Mónica,Valle,22567890,monica.valle@example.com,+51960000028 
29,Bruno,Cardenas,22678901,bruno.cardenas@example.com,+51960000029
30,Gabriela,Poma,22789012,gabriela.poma@example.com,+51960000030
31,Tomás,Cepeda,22890123,tomas.cepeda@example.com,+51960000031
32,Patricia,Miranda,22901234,patricia.miranda@example.com,+51960000032 
33,Sebastián,Fuentes,23012345,sebastian.fuentes@example.com,+51960000033
34,Hugo,Ayala,23123456,hugo.ayala@example.com,+51960000034 
35,Valeria,Duarte,23234567,valeria.duarte@example.com,+51960000035
36,Alfonso,Aguilar,23345678,alfonso.aguilar@example.com,+51960000036
37,Daniela,Salcedo,23456789,daniela.salcedo@example.com,+51960000037
38,Ramón,Medina,23567890,ramon.medina@example.com,+51960000038
39,Claudia,Ponce,23678901,claudia.ponce@example.com,+51960000039
40,Esteban,Hidalgo,23789012,esteban.hidalgo@example.com,+51960000040
41,Adriana,Serna,23890123,adriana.serna@example.com,+51960000041
42,Víctor,Ortiz,23901234,victor.ortiz2@example.com,+51960000042 
43,Teresa,Lara,24012345,teresa.lara@example.com,+51960000043
44,Fabián,Bernal,24123456,fabian.bernal@example.com,+51960000044
45,Liliana,Suazo,24234567,liliana.suazo@example.com,+51960000045
46,Mateo,Vega,24345678,mateo.vega@example.com,+51960000046  
47,Ángela,Cornejo,24456789,angela.cornejo@example.com,+51960000047
48,Nicolás,Villanueva,24567890,nicolas.villanueva@example.com,+51960000048 
49,Lorena,Campos,24678901,lorena.campos@example.com,+51960000049 
50,Enrique,Garrido,24789012,enrique.garrido@example.com,+51960000050